2021.Lautoka.Calendar.pdf,2021.Fiji.Lautoka.pdf
2021.Marshall.Island.Majuro.pdf,2021.Marshall.Islands.Majuro.pdf
2021.Pohnpei.Harbour.pdf,2021.FSM.Pohnpei.Harbour.pdf
2021.Solomon.Islands.Terekukure.Wharf.pdf,2021.Solomon.Islands.Tarekukure.pdf
2021.Suva.Calendar.pdf,2021.Fiji.Suva.pdf
2021.Tuvalu.Vaitupo.pdf,2021.Tuvalu.Vaitupu.pdf
2021.Vanuatu.Luganville.Wharf.pdf,2021.Vanuatu.Luganville.pdf
2022.Lautoka.Calendar.pdf,2022.Fiji.Lautoka.pdf
2022.Marshall.Island.Ebeye.pdf,2022.Marshall.Islands.Ebeye.pdf
2022.Marshall.Island.Majuro.pdf,2022.Marshall.Islands.Majuro.pdf
2022.Pohnpei.Harbour.pdf,2022.FSM.Pohnpei.Harbour.pdf
2022.Solomon.Islands.Terekukure.Wharf.pdf,2022.Solomon.Islands.Tarekukure.pdf
2022.Suva.Calendar.pdf,2022.Fiji.Suva.pdf
2022.Vanuatu.Luganville.Wharf.pdf,2022.Vanuatu.Luganville.pdf
2023.Lautoka.Calendar.pdf,2023.Fiji.Lautoka.pdf
2023.Marshall Island.Ebeye.pdf,2023.Marshall.Islands.Ebeye.pdf
2023.Marshall Island.Majuro.pdf,2023.Marshall.Islands.Majuro.pdf
2023.Pohnpei.Harbour.pdf,2023.FSM.Pohnpei.Harbour.pdf
2023.Solomon.Islands.Tarekukure.Wharf.pdf,2023.Solomon.Islands.Tarekukure.pdf
2023.Suva.Calendar.pdf,2023.Fiji.Suva.pdf
2023.Vanuatu.Luganville.Wharf.pdf,2023.Vanuatu.Luganville.pdf
2024.Marshal.Islands.Majuro.pdf,2024.Marshall.Islands.Majuro.pdf
2024.PNG.Lombrum.pdf,2024.Papua.New.Guinea.Lombrum.pdf
2024.PNG.Port.Moresby.pdf,2024.Papua.New.Guinea.Port.Moresby.pdf
2024.Pohnpei.Harbour.pdf,2024.FSM.Pohnpei.Harbour.pdf
2024.Tonga.Nuku'alofa.pdf,2024.Tonga.Nukualofa.pdf
Cook.Islands.Rarotonga.2019.Tide.Calendar.Work.Plan.pdf,2019.Cook.Islands.Rarotonga.pdf
Cook.Islands.Rarotonga.2020.Tide.Calendar.Work.Plan.pdf,2020.Cook.Islands.Rarotonga.pdf
Fiji.Lautoka.2019.Tide.Calendar.Work.Plan.pdf,2019.Fiji.Lautoka.pdf
Fiji.Lautoka.2020.Tide.Calendar.Work.Plan.pdf,2020.Fiji.Lautoka.pdf
Fiji.Suva.2019.Tide.Calendar.Work.Plan.pdf,2019.Fiji.Suva.pdf
Fiji.Suva.2020.Tide.Calendar.Work.Plan.pdf,2020.Fiji.Suva.pdf
IDO60041.2018.pdf,2018.Papua.New.Guinea.Port.Moresby.pdf
IDO60042.2018.pdf,2018.Papua.New.Guinea.Lombrum.pdf
IDO60043.2018.pdf,2018.Solomon.Islands.Honiara.pdf
IDO60044.2018.pdf,2018.Vanuatu.Port.Vila.pdf
IDO60045.2018.pdf,2018.Cook.Islands.Rarotonga.pdf
IDO60046.2018.pdf,2018.Niue.pdf
IDO60047.2018.pdf,2018.Tonga.Nukualofa.pdf
IDO60048.2018.pdf,2018.Samoa.Apia.pdf
IDO60049.2018.pdf,2018.Fiji.Suva.pdf
IDO60050.2018.pdf,2018.Fiji.Lautoka.pdf
IDO60051.2018.pdf,2018.Tuvalu.Funafuti.pdf
IDO60052.2018.pdf,2018.Kiribati.Betio.pdf
IDO60053.2018.pdf,2018.Nauru.pdf
IDO60054.2018.pdf,2018.Marshall.Islands.Majuro.pdf
IDO60055.2018.pdf,2018.FSM.Pohnpei.Harbour.pdf
IDO60056.2018.pdf,2018.Palau.Islands.Malakal.pdf
IDO60057.2018.pdf,2018.Vanuatu.Luganville.pdf
IDO60058.2018.pdf,2018.Solomon.Islands.Lata.Wharf.pdf
IDO60059.2018.pdf,2018.Solomon.Islands.Tarekukure.pdf
IDO60060.2018.pdf,2018.Tonga.Neiafu.pdf
Kiribati.Betio.2019.Tide.Calendar.Work.Plan.pdf,2019.Kiribati.Betio.pdf
Kiribati.Betio.2020.Tide.Calendar.Work.Plan.pdf,2020.Kiribati.Betio.pdf
Kiribati.Kanton.2019.Tide.Calendar.Work.Plan.pdf,2019.Kiribati.Kanton.pdf
Kiribati.Kanton.2020.Tide.Calendar.Work.Plan.pdf,2020.Kiribati.Kanton.pdf
Kiritimati.2019.Tide.Calendar.Work.Plan.pdf,2019.Kiribati.Kiritimati.pdf
Kiritimati.2020.Tide.Calendar.Work.Plan.pdf,2020.Kiribati.Kiritimati.pdf
Marshall.Islands.Majuro.2019.Tide.Calendar.Work.Plan.pdf,2019.Marshall.Islands.Majuro.pdf
Marshall.Islands.Majuro.2020.Tide.Calendar.Work.Plan.pdf,2020.Marshall.Islands.Majuro.pdf
Nauru.2019.Tide.Calendar.Work.Plan.pdf,2019.Nauru.pdf
Nauru.2020.Tide.Calendar.Work.Plan.pdf,2020.Nauru.pdf
Niue.2019.Tide.Calendar.Work.Plan.pdf,2019.Niue.pdf
Niue.2020.Tide.Calendar.Work.Plan.pdf,2020.Niue.pdf
Palau.2019.Tide.Calendar.Work.Plan.pdf,2019.Palau.Islands.Malakal.pdf
Palau.2020.Tide.Calendar.Work.Plan.pdf,2020.Palau.Islands.Malakal.pdf
Papua.New.Guinea.Lombrum.2019.Tide.Calendar.Work.Plan.pdf,2019.Papua.New.Guinea.Lombrum.pdf
Papua.New.Guinea.Lombrum.2020.Tide.Calendar.Work.Plan.pdf,2020.Papua.New.Guinea.Lombrum.pdf
Papua.New.Guinea.Port.Moresby.2019.Tide.Calendar.Work.Plan.pdf,2019.Papua.New.Guinea.Port.Moresby.pdf
Papua.New.Guinea.Port.Moresby.2020.Tide.Calendar.Work.Plan.pdf,2020.Papua.New.Guinea.Port.Moresby.pdf
Pohnpei.Harbour.FSM.2019.pdf,2019.FSM.Pohnpei.Harbour.pdf
Pohnpei.Harbour.FSM.2020.pdf,2020.FSM.Pohnpei.Harbour.pdf
Samoa.Apia.2019.Tide.Calendar.Work.Plan.pdf,2019.Samoa.Apia.pdf
Samoa.Apia.2020.Tide.Calendar.Work.Plan.pdf,2020.Samoa.Apia.pdf
Solomon.Islands.Honiara.2019.Tide.Calendar.Work.Plan.pdf,2019.Solomon.Islands.Honiara.pdf
Solomon.Islands.Honiara.2020.Tide.Calendar.Work.Plan.pdf,2020.Solomon.Islands.Honiara.pdf
Solomon.Islands.Lata.Wharf.2019.Tide.Calendar.Work.Plan.pdf,2019.Solomon.Islands.Lata.Wharf.pdf
Solomon.Islands.Lata.Wharf.2020.Tide.Calendar.Work.Plan.pdf,2020.Solomon.Islands.Lata.Wharf.pdf
Solomon.Islands.Tarekukure.Wharf.2019.Tide.Calendar.Work.Plan.pdf,2019.Solomon.Islands.Tarekukure.pdf
Solomon.Islands.Tarekukure.Wharf.2020.Tide.Calendar.Work.Plan.pdf,2020.Solomon.Islands.Tarekukure.pdf
Tonga.Neiafu.2019.Tide.Calendar.Work.Plan.pdf,2019.Tonga.Neiafu.pdf
Tonga.Neiafu.2019.Tide.Calendar.Work.Plan.print.version.pdf,2019.Tonga.Neiafu.print.pdf
Tonga.Neiafu.2020.Tide.Calendar.Work.Plan.pdf,2020.Tonga.Neiafu.pdf
Tonga.Nukualofa.2019.Tide.Calendar.Work.Plan.pdf,2019.Tonga.Nukualofa.pdf
Tonga.Nukualofa.2020.Tide.Calendar.Work.Plan.pdf,2020.Tonga.Nukualofa.pdf
Tuvalu.Funafuti.2019.Tide.Calendar.Work.Plan.pdf,2019.Tuvalu.Funafuti.pdf
Tuvalu.Funafuti.2020.Tide.Calendar.Work.Plan.pdf,2020.Tuvalu.Funafuti.pdf
Tuvalu.Vaitupu.2019.Tide.Calendar.Work.Plan.pdf,2019.Tuvalu.Vaitupu.pdf
Tuvalu.Vaitupu.2020.Tide.Calendar.Work.Plan.pdf,2020.Tuvalu.Vaitupu.pdf
Vanuatu.Luganville.Wharf.2019.Tide.Calendar.Work.Plan.pdf,2019.Vanuatu.Luganville.pdf
Vanuatu.Luganville.Wharf.2020.Tide.Calendar.Work.Plan.pdf,2020.Vanuatu.Luganville.pdf
Vanuatu.Port.Vila.2019.Tide.Calendar.Work.Plan.pdf,2019.Vanuatu.Port.Vila.pdf
Vanuatu.Port.Vila.2020.Tide.Calendar.Work.Plan.pdf,2020.Vanuatu.Port.Vila.pdf
files/8192e84fad9143deb7a63a5795d33915_pdf.pdf,2025.American.Samoa.Pago.Pago.pdf
files/a3fe4b82c2e04c758015f3dc35575331_img.png,2025.American.Samoa.Pago.Pago.png
files/535932cd65534009928a3490f0ed775a_pdf.pdf,2025.Cook.Islands.Penrhyn.pdf
files/d05d6fe9a68c494093d603c9c5e9a7e8_img.png,2025.Cook.Islands.Penrhyn.png
files/80dd0578d7ee45c5a52e5f30af2db42d_pdf.pdf,2025.Cook.Islands.Rarotonga.pdf
files/9bc8c4d3997741caa0011adbfe652553_img.png,2025.Cook.Islands.Rarotonga.png
files/674f1d628c5d431b8626fdcbc0446e3c_pdf.pdf,2025.Fiji.Lautoka.pdf
files/53f340e7be9c4dd382ed9c7666ba7b44_img.png,2025.Fiji.Lautoka.png
files/5a0961973f97485cba13a2236349a27d_pdf.pdf,2025.Fiji.Port.Denarau.pdf
files/6a990307f0f9431c8c7f3f8136b25c06_img.png,2025.Fiji.Port.Denarau.png
files/4c68c9d0809f4a87bdf81d94ce8f110f_pdf.pdf,2025.Fiji.Suva.pdf
files/a34137524d9d4306a70d6e5cad99a6ad_img.png,2025.Fiji.Suva.png
files/b1f1bf9d23d34d7d9aa088ae1878f379_pdf.pdf,2025.Fiji.Vatia.pdf
files/8250303970d748d4928a885cfc98ba7a_img.png,2025.Fiji.Vatia.png
files/60ae637d28e34ccca13cc44b00c93c32_pdf.pdf,2025.FSM.Pohnpei.Harbour.pdf
files/0c1a2a95b3d04006835f1fd88227a656_img.png,2025.FSM.Pohnpei.Harbour.png
files/ca14ce679ba54c29a05845037e0bb47b_pdf.pdf,2025.Kiribati.Betio.pdf
files/7a291be34603432ba441a4338b71a314_img.png,2025.Kiribati.Betio.png
files/c506824be40346de9c9031a137faa6cf_pdf.pdf,2025.Kiribati.Kanton.pdf
files/cb17e585c5a24a0c840dbb41fb6dbe52_img.png,2025.Kiribati.Kanton.png
files/264cfa69a0a84c3cb600c82aeca8ddc9_pdf.pdf,2025.Kiribati.Kiritimati.pdf
files/e3b077a11bd14b65b450a9406ded0c9e_img.png,2025.Kiribati.Kiritimati.png
files/930043fc744f431f8a3d4b1c673d74ac_pdf.pdf,2025.Marshall.Islands.Ebeye.pdf
files/b5de8d9ac3fa4b2387241aa5ff1c14ae_img.png,2025.Marshall.Islands.Ebeye.png
files/cb4a69eb0ce346f2b1b69d95311a76a2_pdf.pdf,2025.Marshall.Islands.Majuro.pdf
files/2547aa1ab67c4600b983372474fb7150_img.png,2025.Marshall.Islands.Majuro.png
files/80c1b424703b48e5a25a7cc6f2525499_pdf.pdf,2025.Niue.pdf
files/a751f45d82cf49c98bf3fd5e123840df_img.png,2025.Niue.png
files/303a2903205a4790914c07342b8de00f_pdf.pdf,2025.Palau.Islands.Malakal.pdf
files/1f71de45cdd44d88975b7d35ca0f817a_img.png,2025.Palau.Islands.Malakal.png
files/0a8c16b17e724161bd0812e1c7bdf2fb_pdf.pdf,2025.Papua.New.Guinea.Lombrum.pdf
files/eb2228e21ed54bfabb845b23f5939674_img.png,2025.Papua.New.Guinea.Lombrum.png
files/96d4801ee3b24ac6910ab15e85fba566_pdf.pdf,2025.Papua.New.Guinea.Port.Moresby.pdf
files/fd7e1cfa3ed34ddebe6b58defe738616_img.png,2025.Papua.New.Guinea.Port.Moresby.png
files/22f16da937b24925ae63e1a74a80f1f5_pdf.pdf,2025.Solomon.Islands.Honiara.pdf
files/8d31e1d94d1e4e7f9ff4b3c4f9972eb9_img.png,2025.Solomon.Islands.Honiara.png
files/c95624d49c70446bb47877515df44517_pdf.pdf,2025.Solomon.Islands.Lata.Wharf.pdf
files/0afe57f65f5e475380756eef2682ae45_img.png,2025.Solomon.Islands.Lata.Wharf.png
files/ab81d0f1d21e426281edd445d73f8189_pdf.pdf,2025.Solomon.Islands.Tarekukure.pdf
files/44574211994d4a1f800b9b738ed4a03f_img.png,2025.Solomon.Islands.Tarekukure.png
files/3d450277237449bcb57654359a8d1bea_pdf.pdf,2025.Tokelau.Atafu.pdf
files/0aa0169f02a740f48ea21eec022fc498_img.png,2025.Tokelau.Atafu.png
files/3c34e9dfa68c4f498ff37617ed754801_pdf.pdf,2025.Tokelau.Fakaofo.pdf
files/a27bf4a81a0043efb465c96905c54cfa_img.png,2025.Tokelau.Fakaofo.png
files/fc108b4d6be44ec18c90615bfb3c38cc_pdf.pdf,2025.Tokelau.Nukunonu.pdf
files/0399dee3614c40fcafa4b52e88550f06_img.png,2025.Tokelau.Nukunonu.png
files/a10ec99cb69f4ef68b10802460c06c59_pdf.pdf,2025.Tonga.Neiafu.pdf
files/a042b1f924774e72965dbd8312f07de2_img.png,2025.Tonga.Neiafu.png
files/142dfca98c8c4bc3abb61cdd2a180ba3_pdf.pdf,2025.Tonga.Nukualofa.pdf
files/aef7ac5ea44449cd9401d5f50200e775_img.png,2025.Tonga.Nukualofa.png
files/b83ee79352c640dbb34e22116c8be5ab_pdf.pdf,2025.Tuvalu.Funafuti.pdf
files/80b38e00a2ae47ebaaa2ab5ba2579428_img.png,2025.Tuvalu.Funafuti.png
files/e7b404b8f5704b01be75feb05b5ce295_pdf.pdf,2025.Tuvalu.Nanumaga.pdf
files/6778f9beefda456aad82c656d942fc3e_img.png,2025.Tuvalu.Nanumaga.png
files/8776b9886b58477dbe6fb0af6cede68e_pdf.pdf,2025.Tuvalu.Nanumea.pdf
files/ab601571a77a494f8b79e4cc41a927fd_img.png,2025.Tuvalu.Nanumea.png
files/6348101fedd04eb8957189f05e06eb93_pdf.pdf,2025.Tuvalu.Niulakita.pdf
files/88e92644427043c6a87d31a6faa72963_img.png,2025.Tuvalu.Niulakita.png
files/6f867f2f3d54491781d09958238ab914_pdf.pdf,2025.Tuvalu.Niutao.pdf
files/5f42b423ed904c51801fe7d187d63a72_img.png,2025.Tuvalu.Niutao.png
files/c139caeb6eff4c6086ff9bb288781a46_pdf.pdf,2025.Tuvalu.Nui.pdf
files/3afaaca6bb914b3ea1eec9c483aafab8_img.png,2025.Tuvalu.Nui.png
files/19e1be062a49402a82ff7c160cf2942a_pdf.pdf,2025.Tuvalu.Nukufetau.pdf
files/ecf4ef8f16eb4372a3072fdbeee21188_img.png,2025.Tuvalu.Nukufetau.png
files/2e809ead4e374bcdb3062da60c556f8b_pdf.pdf,2025.Tuvalu.Nukulaelae.pdf
files/9458fc84fce44b96980b6f5275063186_img.png,2025.Tuvalu.Nukulaelae.png
files/81927b28f9e94aa7b83eeb913a408421_pdf.pdf,2025.Tuvalu.Vaitupu.pdf
files/d2a9441a48644fb392b53106c54fdc8e_img.png,2025.Tuvalu.Vaitupu.png
files/580761132a624daaa6ec8e9d32668630_pdf.pdf,2025.Vanuatu.Lenakel.pdf
files/b14bb8659dca43bfaa59a4c8c8c1251c_img.png,2025.Vanuatu.Lenakel.png
files/78828ee0c4214e49be55a6d270b49119_pdf.pdf,2025.Vanuatu.Luganville.pdf
files/5b1ad01aa9fa493c8a1f6f8af8e4a6bb_img.png,2025.Vanuatu.Luganville.png
files/d0e0441365e444c0b87c3f47299e0a49_pdf.pdf,2025.Vanuatu.Malekula.pdf
files/fd16438f0e5d4ac59b783509ec07cd3e_img.png,2025.Vanuatu.Malekula.png
files/566fda7b7f324e76b986ca7504d50d31_pdf.pdf,2025.Vanuatu.Port.Vila.pdf
files/6485b5a7a72e4bdbab644c6ccef92cc0_img.png,2025.Vanuatu.Port.Vila.png
files/2a2361db42c64e9d90f98cfa50cc525f_pdf.pdf,2025.Samoa.Apia.pdf
files/aedae57d6c1d4be089d5ed7cae92c0b0_img.png,2025.Samoa.Apia.png
2026_tide_predictions_calendar_Tokelau_Fakaofo.pdf,2026.Tokelau.Fakaofo.pdf
2026_tide_predictions_calendar_Tokelau_Fakaofo.png,2026.Tokelau.Fakaofo.png
2026_tide_predictions_calendar_american_samoa_-_pagopago.pdf,2026.American.Samoa.Pago.Pago.pdf
2026_tide_predictions_calendar_american_samoa_-_pagopago.png,2026.American.Samoa.Pago.Pago.png
2026_tide_predictions_calendar_cook_islands_-_penrhyn.pdf,2026.Cook.Islands.Penrhyn.pdf
2026_tide_predictions_calendar_cook_islands_-_penrhyn.png,2026.Cook.Islands.Penrhyn.png
2026_tide_predictions_calendar_cook_islands_-_rarotonga.pdf,2026.Cook.Islands.Rarotonga.pdf
2026_tide_predictions_calendar_cook_islands_-_rarotonga.png,2026.Cook.Islands.Rarotonga.png
2026_tide_predictions_calendar_fiji_-_lautoka.pdf,2026.Fiji.Lautoka.pdf
2026_tide_predictions_calendar_fiji_-_lautoka.png,2026.Fiji.Lautoka.png
2026_tide_predictions_calendar_fiji_-_port_denarau.pdf,2026.Fiji.Port.Denarau.pdf
2026_tide_predictions_calendar_fiji_-_port_denarau.png,2026.Fiji.Port.Denarau.png
2026_tide_predictions_calendar_fiji_-_suva.pdf,2026.Fiji.Suva.pdf
2026_tide_predictions_calendar_fiji_-_suva.png,2026.Fiji.Suva.png
2026_tide_predictions_calendar_fsm_-_pohnpei_harbour.pdf,2026.FSM.Pohnpei.Harbour.pdf
2026_tide_predictions_calendar_fsm_-_pohnpei_harbour.png,2026.FSM.Pohnpei.Harbour.png
2026_tide_predictions_calendar_kiribati_-_betio.pdf,2026.Kiribati.Betio.pdf
2026_tide_predictions_calendar_kiribati_-_betio.png,2026.Kiribati.Betio.png
2026_tide_predictions_calendar_kiribati_-_kanton.pdf,2026.Kiribati.Kanton.pdf
2026_tide_predictions_calendar_kiribati_-_kanton.png,2026.Kiribati.Kanton.png
2026_tide_predictions_calendar_kiribati_-_kiritimati.pdf,2026.Kiribati.Kiritimati.pdf
2026_tide_predictions_calendar_kiribati_-_kiritimati.png,2026.Kiribati.Kiritimati.png
2026_tide_predictions_calendar_marshall_islands_-_ebeye.pdf,2026.Marshall.Islands.Ebeye.pdf
2026_tide_predictions_calendar_marshall_islands_-_ebeye.png,2026.Marshall.Islands.Ebeye.png
2026_tide_predictions_calendar_marshall_islands_-_majuro.pdf,2026.Marshall.Islands.Majuro.pdf
2026_tide_predictions_calendar_marshall_islands_-_majuro.png,2026.Marshall.Islands.Majuro.png
2026_tide_predictions_calendar_nauru.pdf,2026.Nauru.pdf
2026_tide_predictions_calendar_nauru.png,2026.Nauru.png
2026_tide_predictions_calendar_niue.pdf,2026.Niue.pdf
2026_tide_predictions_calendar_niue.png,2026.Niue.png
2026_tide_predictions_calendar_palau.pdf,2026.Palau.Islands.Malakal.pdf
2026_tide_predictions_calendar_palau.png,2026.Palau.Islands.Malakal.png
2026_tide_predictions_calendar_png_-_lombrum.pdf,2026.Papua.New.Guinea.Lombrum.pdf
2026_tide_predictions_calendar_png_-_lombrum.png,2026.Papua.New.Guinea.Lombrum.png
2026_tide_predictions_calendar_png_-_port_moresby.pdf,2026.Papua.New.Guinea.Port.Moresby.pdf
2026_tide_predictions_calendar_png_-_port_moresby.png,2026.Papua.New.Guinea.Port.Moresby.png
2026_tide_predictions_calendar_samoa_-_apia.pdf,2026.Samoa.Apia.pdf
2026_tide_predictions_calendar_samoa_-_apia.png,2026.Samoa.Apia.png
2026_tide_predictions_calendar_solomon_islands_-_honiara.pdf,2026.Solomon.Islands.Honiara.pdf
2026_tide_predictions_calendar_solomon_islands_-_honiara.png,2026.Solomon.Islands.Honiara.png
2026_tide_predictions_calendar_solomon_islands_-_lata_wharf.pdf,2026.Solomon.Islands.Lata.Wharf.pdf
2026_tide_predictions_calendar_solomon_islands_-_lata_wharf.png,2026.Solomon.Islands.Lata.Wharf.png
2026_tide_predictions_calendar_solomon_islands_-_tarekukure.pdf,2026.Solomon.Islands.Tarekukure.pdf
2026_tide_predictions_calendar_solomon_islands_-_tarekukure.png,2026.Solomon.Islands.Tarekukure.png
2026_tide_predictions_calendar_tokelau_-_atafu.pdf,2026.Tokelau.Atafu.pdf
2026_tide_predictions_calendar_tokelau_-_atafu.png,2026.Tokelau.Atafu.png
2026_tide_predictions_calendar_tokelau_-nukunonu.pdf,2026.Tokelau.Nukunonu.pdf
2026_tide_predictions_calendar_tokelau_-nukunonu.png,2026.Tokelau.Nukunonu.png
2026_tide_predictions_calendar_tonga_-_nukualofa.pdf,2026.Tonga.Nukualofa.pdf
2026_tide_predictions_calendar_tonga_-_nukualofa.png,2026.Tonga.Nukualofa.png
2026_tide_predictions_calendar_tonga_neiafu.pdf,2026.Tonga.Neiafu.pdf
2026_tide_predictions_calendar_tonga_neiafu.png,2026.Tonga.Neiafu.png
2026_tide_predictions_calendar_tuvalu_-_funafuti.pdf,2026.Tuvalu.Funafuti.pdf
2026_tide_predictions_calendar_tuvalu_-_funafuti.png,2026.Tuvalu.Funafuti.png
2026_tide_predictions_calendar_tuvalu_-_nanumaga.pdf,2026.Tuvalu.Nanumaga.pdf
2026_tide_predictions_calendar_tuvalu_-_nanumaga.png,2026.Tuvalu.Nanumaga.png
2026_tide_predictions_calendar_tuvalu_-_nanumea.pdf,2026.Tuvalu.Nanumea.pdf
2026_tide_predictions_calendar_tuvalu_-_nanumea.png,2026.Tuvalu.Nanumea.png
2026_tide_predictions_calendar_tuvalu_-_niulakita.pdf,2026.Tuvalu.Niulakita.pdf
2026_tide_predictions_calendar_tuvalu_-_niulakita.png,2026.Tuvalu.Niulakita.png
2026_tide_predictions_calendar_tuvalu_-_niutao.pdf,2026.Tuvalu.Niutao.pdf
2026_tide_predictions_calendar_tuvalu_-_niutao.png,2026.Tuvalu.Niutao.png
2026_tide_predictions_calendar_tuvalu_-_nui.pdf,2026.Tuvalu.Nui.pdf
2026_tide_predictions_calendar_tuvalu_-_nui.png,2026.Tuvalu.Nui.png
2026_tide_predictions_calendar_tuvalu_-_nukufetau.pdf,2026.Tuvalu.Nukufetau.pdf
2026_tide_predictions_calendar_tuvalu_-_nukufetau.png,2026.Tuvalu.Nukufetau.png
2026_tide_predictions_calendar_tuvalu_-_nukulaelae.pdf,2026.Tuvalu.Nukulaelae.pdf
2026_tide_predictions_calendar_tuvalu_-_nukulaelae.png,2026.Tuvalu.Nukulaelae.png
2026_tide_predictions_calendar_tuvalu_-_vaitupu.pdf,2026.Tuvalu.Vaitupu.pdf
2026_tide_predictions_calendar_tuvalu_-_vaitupu.png,2026.Tuvalu.Vaitupu.png
2026_tide_predictions_calendar_vanuatu_-_lenakel.pdf,2026.Vanuatu.Lenakel.pdf
2026_tide_predictions_calendar_vanuatu_-_lenakel.png,2026.Vanuatu.Lenakel.png
2026_tide_predictions_calendar_vanuatu_-_luganville.pdf,2026.Vanuatu.Luganville.pdf
2026_tide_predictions_calendar_vanuatu_-_luganville.png,2026.Vanuatu.Luganville.png
2026_tide_predictions_calendar_vanuatu_-_malekula.pdf,2026.Vanuatu.Malekula.pdf
2026_tide_predictions_calendar_vanuatu_-_malekula.png,2026.Vanuatu.Malekula.png
2026_tide_predictions_calendar_vanuatu_-_port_vila.pdf,2026.Vanuatu.Port.Vila.pdf
2026_tide_predictions_calendar_vanuatu_-_port_vila.png,2026.Vanuatu.Port.Vila.png
2026_tide_predictios_calendar_fiji_-_vatia.pdf,2026.Fiji.Vatia.pdf
2026_tide_predictios_calendar_fiji_-_vatia.png,2026.Fiji.Vatia.png
